{"loss": [2.848706007003784, 1.6218169927597046, 1.1344586610794067, 0.8734124302864075, 0.6869779229164124, 0.5526988506317139, 0.4608965218067169, 0.3766665756702423, 0.28687402606010437, 0.236813485622406], "accuracy": [0.20996740460395813, 0.5168752074241638, 0.6555567383766174, 0.7244243621826172, 0.7840395569801331, 0.8236778378486633, 0.8535380363464355, 0.8762485384941101, 0.9088423848152161, 0.9223005175590515], "val_loss": [1.8666388988494873, 1.4301029443740845, 1.1555838584899902, 1.0327714681625366, 0.8773990869522095, 0.9733472466468811, 0.854817807674408, 0.8343936204910278, 0.8311099410057068, 0.731918454170227], "val_accuracy": [0.46722057461738586, 0.574948787689209, 0.6658889055252075, 0.6970748901367188, 0.7506259679794312, 0.7484065294265747, 0.7688367962837219, 0.7810721397399902, 0.7798770666122437, 0.8189733624458313]}